Religion,Polarity
vikings,0.12165981311565555
christians,0.12310142378945592
